RaceName,Driver,avg_lap_time,fastest_lap_time,lap_time_std,num_laps,num_stints,most_used_compound,avg_tyre_life,num_personal_bests,num_pitstops,best_sector1,best_sector2,best_sector3
Abu Dhabi Grand Prix,ALB,92.734105,89.939,3.967409,57,3,MEDIUM,10.649122807017545,8,2,18.198,38.143,33.432
Abu Dhabi Grand Prix,ALO,93.094629,90.579,3.797414,27,2,MEDIUM,8.37037037037037,5,2,18.246,38.435,33.273
Abu Dhabi Grand Prix,BOT,92.905561,90.352,3.301826,57,2,HARD,14.789473684210526,9,1,18.196,38.687,33.143
Abu Dhabi Grand Prix,GAS,92.744964,91.018,2.9986930000000003,57,2,HARD,18.43859649122807,4,1,18.379,38.327,33.628
Abu Dhabi Grand Prix,HAM,91.945218,89.788,5.693728,55,2,HARD,15.89090909090909,6,2,18.028,38.205,32.947
Abu Dhabi Grand Prix,LAT,94.472509,90.309,6.843732,55,3,MEDIUM,9.981818181818182,7,3,18.201,38.348,33.616
Abu Dhabi Grand Prix,LEC,90.942844,89.719,2.8432370000000002,58,2,HARD,16.103448275862068,5,1,18.059,38.353,32.886
Abu Dhabi Grand Prix,MAG,93.274421,91.158,3.064374,57,2,MEDIUM,14.75438596491228,6,1,18.366,38.904,33.444
Abu Dhabi Grand Prix,MSC,93.069894,89.833,4.189188,57,3,MEDIUM,10.368421052631579,7,2,18.169,38.176,33.098
Abu Dhabi Grand Prix,NOR,91.761172,88.391,3.859933,58,3,MEDIUM,10.931034482758621,5,2,17.788,38.286,32.167
Abu Dhabi Grand Prix,OCO,91.778517,89.333,3.8993409999999997,58,3,HARD,10.96551724137931,7,2,17.967,38.276,32.75
Abu Dhabi Grand Prix,PER,90.965637,88.972,3.941105,58,3,HARD,10.620689655172415,9,2,17.902,38.123,32.452
Abu Dhabi Grand Prix,RIC,92.227275,90.785,3.010353,58,2,HARD,16.724137931034484,8,1,18.262,38.352,33.502
Abu Dhabi Grand Prix,RUS,91.410379,88.836,4.501476,58,3,MEDIUM,10.517241379310345,8,2,17.84,38.222,32.255
Abu Dhabi Grand Prix,SAI,91.220793,88.879,3.808067,58,3,HARD,10.275862068965518,16,2,17.981,38.058,32.549
Abu Dhabi Grand Prix,STR,92.118017,89.62,3.764407,58,3,MEDIUM,11.810344827586206,6,2,17.975,38.43,32.663
Abu Dhabi Grand Prix,TSU,92.3325,89.489,3.981104,58,3,HARD,10.60344827586207,6,2,18.16,38.21,32.952
Abu Dhabi Grand Prix,VER,90.79162,89.392,2.82829,58,2,HARD,16.396551724137932,8,1,18.077,38.254,32.88
Abu Dhabi Grand Prix,VET,92.238137,90.312,3.109329,58,2,HARD,15.844827586206897,6,1,18.131,38.2,33.219
Abu Dhabi Grand Prix,ZHO,92.718666,89.6,4.128021,57,3,HARD,11.333333333333334,10,2,18.024,38.318,33.058
Australian Grand Prix,ALB,92.171206,82.589,16.912831,58,2,HARD,28.517241379310345,18,1,28.405,18.188,35.596
Australian Grand Prix,ALO,91.784,80.846,16.457144,56,3,HARD,15.517857142857142,17,2,28.014,18.047,34.785
Australian Grand Prix,BOT,90.960368,81.651,15.094791,57,2,HARD,16.07017543859649,13,1,28.144,18.048,35.241
Australian Grand Prix,GAS,91.09535,82.731,14.877356,57,2,HARD,16.31578947368421,13,1,28.695,18.379,35.513
Australian Grand Prix,HAM,90.18107,81.886,16.455324,57,2,HARD,16.05263157894737,19,1,28.257,18.057,35.201
Australian Grand Prix,LAT,92.579491,83.882,15.69193,57,3,HARD,13.175438596491228,18,2,28.893,18.325,36.416
Australian Grand Prix,LEC,88.37975,80.26,15.665279,56,2,HARD,16.303571428571427,16,1,28.044,17.878,34.338
Australian Grand Prix,MAG,91.368428,83.071,16.054542,56,2,HARD,17.160714285714285,12,1,28.897,18.407,35.702
Australian Grand Prix,MSC,91.402892,83.006,14.766887,56,2,HARD,19.071428571428573,12,1,28.66,18.411,35.744
Australian Grand Prix,NOR,90.651543,82.248,15.805304,57,2,HARD,16.57894736842105,19,1,28.583,18.393,35.18
Australian Grand Prix,OCO,91.866051,82.469,17.177739,58,2,HARD,17.482758620689655,15,1,28.617,18.147,35.47
Australian Grand Prix,PER,90.010122,81.094,16.281082,57,2,HARD,16.57894736842105,17,1,28.214,17.981,34.899
Australian Grand Prix,RIC,90.691578,82.451,15.6827,57,2,HARD,16.31578947368421,15,1,28.603,18.318,35.498
Australian Grand Prix,RUS,90.061771,81.495,16.676942,57,2,HARD,15.842105263157896,15,1,28.206,18.107,35.182
Australian Grand Prix,SAI,99.028,99.028,0.0,1,1,HARD,1.0,False,0,,18.971,40.172
Australian Grand Prix,STR,91.220105,83.592,14.773498,57,4,HARD,16.94736842105263,17,3,28.829,18.345,36.125
Australian Grand Prix,TSU,91.473607,83.342,14.779155,56,2,HARD,16.857142857142858,13,1,28.807,18.419,35.977
Australian Grand Prix,VER,91.534,81.677,18.232378,36,2,HARD,10.194444444444445,11,1,28.416,18.142,35.119
Australian Grand Prix,VET,94.697454,85.189,16.703554,22,1,HARD,12.5,8,0,29.359,18.562,36.968
Australian Grand Prix,ZHO,92.211086,82.541,16.310425,58,2,HARD,16.103448275862068,14,1,28.659,18.256,35.316
Austrian Grand Prix,ALB,72.698414,69.669,4.404753,70,3,HARD,24.6,11,2,17.072,31.127,21.21
Austrian Grand Prix,ALO,72.610528,68.558,6.00818,70,3,MEDIUM,13.6,10,3,16.942,30.554,20.744
Austrian Grand Prix,BOT,72.632671,69.266,4.702536,70,3,HARD,25.8,10,2,17.072,30.951999999999998,21.109
Austrian Grand Prix,GAS,72.824542,70.104,4.90975,70,3,HARD,24.742857142857144,9,2,17.308,31.254,21.22
Austrian Grand Prix,HAM,71.908859,69.0,4.597275,71,2,MEDIUM,19.04225352112676,12,2,17.222,30.678,20.873
Austrian Grand Prix,LAT,73.472958,70.89,3.692481,48,3,HARD,14.770833333333334,5,3,17.353,31.51,21.664
Austrian Grand Prix,LEC,71.328338,67.583,5.50045,71,3,MEDIUM,13.661971830985916,7,3,17.181,30.093,20.268
Austrian Grand Prix,MAG,72.513257,69.938,4.416653,70,2,HARD,23.714285714285715,8,2,17.315,31.171,21.089
Austrian Grand Prix,MSC,72.423028,69.625,4.508117,70,2,HARD,23.15714285714286,7,2,17.235,31.011,21.123
Austrian Grand Prix,NOR,72.464557,69.304,4.808339,70,2,HARD,24.3,10,2,17.156,31.036,20.988
Austrian Grand Prix,OCO,72.292225,69.559,4.271973,71,2,HARD,23.6056338028169,9,2,17.178,31.022,20.901
Austrian Grand Prix,PER,75.6965,71.843,8.904874,24,3,HARD,9.791666666666666,3,2,17.997,31.772,21.967
Austrian Grand Prix,RIC,72.5808,69.924,4.305034,70,3,HARD,24.742857142857144,12,2,17.383,31.093,21.162
Austrian Grand Prix,RUS,72.158929,69.075,5.490327,71,2,HARD,29.239436619718308,10,2,17.197,30.908,20.782
Austrian Grand Prix,SAI,71.160464,68.649,3.233015,56,2,HARD,14.517857142857142,7,2,17.175,30.626,20.768
Austrian Grand Prix,STR,72.768414,70.004,4.497464,70,2,MEDIUM,20.514285714285716,11,2,17.244,31.07,21.148
Austrian Grand Prix,TSU,72.920742,70.023,4.503613,70,2,HARD,19.15714285714286,9,2,17.395,31.213,21.369
Austrian Grand Prix,VER,71.349915,67.275,5.470116,71,3,MEDIUM,14.04225352112676,10,3,17.086,29.866,20.265
Austrian Grand Prix,VET,72.873485,70.0,4.8258790000000005,70,2,MEDIUM,22.928571428571427,11,2,17.294,31.029,21.209
Austrian Grand Prix,ZHO,72.793014,69.38,5.055394,70,2,MEDIUM,19.728571428571428,9,2,17.051,31.072,20.94
Azerbaijan Grand Prix,ALB,112.230959,107.966,7.226907,49,3,HARD,9.83673469387755,15,2,38.408,43.84,25.434
Azerbaijan Grand Prix,ALO,111.64402,107.989,6.31328,50,2,HARD,14.32,13,1,38.833,43.911,25.079
Azerbaijan Grand Prix,BOT,111.455395,108.179,4.644805,48,2,HARD,14.166666666666666,17,0,38.615,43.513,25.635
Azerbaijan Grand Prix,GAS,111.43078,108.519,6.399734,50,2,HARD,18.46,10,1,38.659,43.941,25.426
Azerbaijan Grand Prix,HAM,111.07112,107.044,6.704131,50,3,HARD,10.64,14,2,38.195,43.095,25.435
Azerbaijan Grand Prix,LAT,114.208693,109.583,7.372991,49,3,HARD,14.244897959183673,11,2,39.095,44.794,25.572
Azerbaijan Grand Prix,LEC,112.38645,107.531,10.451544,20,2,HARD,5.6,6,1,38.251,43.507,25.632
Azerbaijan Grand Prix,MAG,112.623161,108.789,6.764262,31,2,HARD,10.193548387096774,7,1,38.895,44.266,25.445
Azerbaijan Grand Prix,MSC,113.076918,108.41,7.341335,49,3,HARD,11.142857142857142,11,2,38.659,43.709,25.712
Azerbaijan Grand Prix,NOR,112.519549,107.997,8.406121,51,2,HARD,13.843137254901961,12,1,38.546,43.55,25.409
Azerbaijan Grand Prix,OCO,111.96648,108.297,6.560662,50,2,HARD,14.62,12,1,38.735,43.995,25.417
Azerbaijan Grand Prix,PER,110.04222,106.046,6.194096,50,3,HARD,9.18,5,2,37.872,42.848,25.326
Azerbaijan Grand Prix,RIC,111.50908,108.276,5.976544,50,2,HARD,14.62,12,1,38.525,43.771,25.626
Azerbaijan Grand Prix,RUS,110.547,107.177,6.2490310000000004,50,3,HARD,10.64,14,2,38.11,43.196,25.696
Azerbaijan Grand Prix,SAI,109.80575,108.978,1.844583,8,1,MEDIUM,4.5,2,0,38.9,44.282,25.66
Azerbaijan Grand Prix,STR,113.464866,108.038,6.681963,45,2,HARD,14.28888888888889,12,2,38.636,43.955,25.447
Azerbaijan Grand Prix,TSU,112.315306,107.523,8.552987,49,3,HARD,11.612244897959183,14,2,38.304,43.395,25.497
Azerbaijan Grand Prix,VER,109.64182,106.05,5.756576,50,3,HARD,9.22,7,2,37.846,42.964,25.108
Azerbaijan Grand Prix,VET,111.56998,108.206,6.722867,50,2,HARD,19.46,13,1,38.708,43.987,25.317
Azerbaijan Grand Prix,ZHO,114.382521,108.723,9.256054,23,2,HARD,6.521739130434782,5,2,38.931,44.143,25.266
Bahrain Grand Prix,ALB,103.640631,97.355,8.808554,57,4,MEDIUM,9.31578947368421,6,3,31.111,42.38,23.857
Bahrain Grand Prix,ALO,103.087263,96.733,8.36173,57,4,SOFT,8.368421052631579,6,3,31.065,41.855,23.739
Bahrain Grand Prix,BOT,102.977245,96.599,9.828384,57,4,MEDIUM,9.596491228070175,9,3,30.676,41.82,23.744
Bahrain Grand Prix,GAS,100.781022,97.324,4.704339,44,3,MEDIUM,9.0,4,2,31.029,42.224,23.928
Bahrain Grand Prix,HAM,102.864192,96.228,11.190854999999999,57,4,SOFT,9.175438596491228,10,3,30.629,41.576,23.618
Bahrain Grand Prix,HUL,103.814263,98.201,8.502873,57,4,SOFT,8.421052631578947,7,3,31.114,42.491,24.211
Bahrain Grand Prix,LAT,103.778578,98.251,7.986588,57,4,SOFT,8.43859649122807,6,3,31.141,42.455,23.934
Bahrain Grand Prix,LEC,100.697709,94.57,10.234008,55,4,SOFT,9.345454545454546,6,3,30.439,40.732,23.399
Bahrain Grand Prix,MAG,102.953298,96.623,9.737343,57,4,SOFT,9.68421052631579,6,3,30.85,41.903,23.787
Bahrain Grand Prix,MSC,103.265929,96.956,8.201516,57,3,SOFT,11.421052631578947,3,2,31.048,41.848,23.869
Bahrain Grand Prix,NOR,103.682789,96.988,8.499685,57,4,MEDIUM,10.12280701754386,8,3,30.991,41.954,23.72
Bahrain Grand Prix,OCO,103.03521,97.11,9.033227,57,4,SOFT,8.403508771929825,8,3,31.005,41.66,23.701
Bahrain Grand Prix,PER,102.955803,96.089,11.754098,56,4,SOFT,9.839285714285714,5,3,30.784,41.059,23.509
Bahrain Grand Prix,RIC,103.658929,97.261,8.986281,57,4,SOFT,7.824561403508772,7,3,31.124,42.142,23.93
Bahrain Grand Prix,RUS,102.040107,96.302,9.223276,56,4,SOFT,9.482142857142858,8,3,30.808,41.554,23.608
Bahrain Grand Prix,SAI,102.792666,95.74,12.015127,57,4,SOFT,9.350877192982455,6,3,30.754,41.222,23.654
Bahrain Grand Prix,STR,103.499245,97.146,9.787733,57,4,SOFT,8.543859649122806,6,3,31.143,41.966,23.895
Bahrain Grand Prix,TSU,103.052105,97.104,9.674526,57,4,SOFT,8.333333333333334,9,3,30.711,42.242,23.837
Bahrain Grand Prix,VER,102.753433,95.44,11.98904,53,4,SOFT,8.773584905660377,6,4,30.517,41.27,23.565
Bahrain Grand Prix,ZHO,102.161071,96.685,7.058537,56,4,MEDIUM,9.267857142857142,4,3,30.908,41.864,23.762
Belgian Grand Prix,ALB,116.506357,113.055,4.941852,42,3,MEDIUM,8.452380952380953,5,2,31.824,49.918,30.252
Belgian Grand Prix,ALO,115.7175,112.868,4.608091,42,3,MEDIUM,8.428571428571429,7,2,31.753,49.899,30.341
Belgian Grand Prix,BOT,125.651,125.651,0.0,1,1,SOFT,1.0,False,0,,55.363,32.345
Belgian Grand Prix,GAS,115.72978,113.002,3.621858,41,3,MEDIUM,9.195121951219512,3,2,31.959,50.506,30.297
Belgian Grand Prix,LAT,116.503675,112.256,3.895201,40,4,HARD,8.1,6,2,32.001,49.615,30.466
Belgian Grand Prix,LEC,115.698238,109.984,5.420683,42,4,MEDIUM,9.928571428571429,9,2,31.824,48.108,29.981
Belgian Grand Prix,MAG,116.969219,113.332,5.533758,41,3,MEDIUM,8.073170731707316,6,2,32.043,49.45,30.656
Belgian Grand Prix,MSC,117.15739,112.212,6.276164,41,3,MEDIUM,7.926829268292683,7,2,32.142,49.415,30.639
Belgian Grand Prix,NOR,116.72688,111.678,5.689122,42,3,MEDIUM,8.095238095238095,5,2,31.543,50.067,30.068
Belgian Grand Prix,OCO,115.987476,111.717,5.469316,42,3,MEDIUM,8.547619047619047,8,2,31.714,49.268,30.146
Belgian Grand Prix,PER,114.245571,110.764,4.189628,42,3,MEDIUM,8.142857142857142,5,2,31.853,48.661,30.107
Belgian Grand Prix,RIC,116.618333,113.08,4.695299,42,3,MEDIUM,8.547619047619047,6,2,31.531,50.441,30.451
Belgian Grand Prix,RUS,114.594833,110.793,4.530182,42,3,MEDIUM,8.095238095238095,7,2,32.194,48.304,30.236
Belgian Grand Prix,SAI,114.390976,111.977,4.129831,42,3,HARD,8.857142857142858,4,2,32.129,49.225,30.386
Belgian Grand Prix,STR,116.622547,112.88,5.446674,42,3,MEDIUM,8.904761904761905,6,2,31.797,50.221,30.34
Belgian Grand Prix,TSU,116.853404,112.436,6.826407,42,3,MEDIUM,8.261904761904763,5,2,31.354,50.221,30.257
Belgian Grand Prix,VER,114.1045,109.354,5.208515,42,3,MEDIUM,8.047619047619047,6,2,31.597,47.81,29.864
Belgian Grand Prix,VET,115.896857,112.515,4.880668,42,3,MEDIUM,8.976190476190476,6,2,31.931,49.723,30.335
Belgian Grand Prix,ZHO,116.796,112.317,5.888112,42,3,MEDIUM,8.071428571428571,4,2,31.387,50.03,30.312
British Grand Prix,ALO,98.3781,91.609,13.769525,100,4,MEDIUM,12.74,40,6,29.175,37.13,24.928
British Grand Prix,BOT,101.372315,95.103,16.717764,38,2,MEDIUM,10.0,16,4,29.867,38.925,25.999
British Grand Prix,GAS,100.90948,94.275,16.349878,50,3,SOFT,7.4,8,6,30.022,38.633,25.369
British Grand Prix,HAM,95.492125,90.51,11.153451,96,4,MEDIUM,13.208333333333334,40,6,29.003,36.58,24.507
British Grand Prix,LAT,100.089725,93.286,14.081197,102,4,SOFT,9.509803921568627,28,6,29.534,38.07,25.343
British Grand Prix,LEC,95.701354,91.282,11.594221,96,3,HARD,13.125,28,4,29.191,36.876,24.83
British Grand Prix,MAG,98.85244,92.661,13.285948,100,3,MEDIUM,14.32,34,4,29.697,37.6,25.273
British Grand Prix,MSC,98.78228,92.109,14.798929,100,4,HARD,9.42,30,6,29.305,37.445,24.904
British Grand Prix,NOR,97.425673,91.645,12.277543,98,4,MEDIUM,14.061224489795919,40,6,29.219,37.353,24.836
British Grand Prix,OCO,101.551083,93.537,31.364439,72,3,SOFT,9.75,32,4,29.707,37.876,25.621
British Grand Prix,PER,97.30953,90.937,14.025297,98,4,MEDIUM,14.795918367346939,28,6,29.004,36.747,24.92
British Grand Prix,RIC,98.92148,92.644,13.412371,100,5,MEDIUM,8.22,24,8,29.57,37.633,25.441
British Grand Prix,SAI,94.322808,90.813,8.071741,94,4,HARD,9.851063829787234,20,6,29.125,36.623,24.955
British Grand Prix,STR,99.869745,92.379,14.722596,102,4,MEDIUM,11.705882352941176,40,6,29.354,37.498,25.304
British Grand Prix,TSU,101.231607,93.832,19.546366,102,4,SOFT,9.568627450980392,26,6,29.596,38.33,25.566
British Grand Prix,VER,97.74702,92.135,11.31534,98,5,MEDIUM,7.224489795918367,10,8,29.255,37.558,25.204
British Grand Prix,VET,98.75674,92.471,14.214906,100,4,MEDIUM,15.08,40,6,29.552,37.523,25.327
Canadian Grand Prix,ALB,83.237857,77.951,9.774291,70,3,HARD,12.7,10,2,22.038,24.857,30.943
Canadian Grand Prix,ALO,82.952885,77.01,11.800902,70,3,MEDIUM,12.4,9,2,21.606,24.509,30.707
Canadian Grand Prix,BOT,82.9572,76.927,11.314869999999999,70,2,HARD,20.8,15,1,21.663,24.503,30.544
Canadian Grand Prix,GAS,83.242,77.81,9.743105,70,3,HARD,15.8,11,2,21.917,24.809,30.8
Canadian Grand Prix,HAM,82.696614,76.167,13.141299,70,3,HARD,14.657142857142857,16,2,21.142,24.223,30.47
Canadian Grand Prix,LAT,83.453357,78.54,8.668502,70,3,HARD,14.457142857142857,11,2,22.232,24.991,31.109
Canadian Grand Prix,LEC,82.813214,75.901,11.270172,70,2,HARD,18.514285714285716,15,1,21.179,24.304,30.399
Canadian Grand Prix,MAG,83.570528,78.046,10.381415,70,2,HARD,29.2,4,1,21.805,25.03,31.121
Canadian Grand Prix,MSC,82.867222,78.967,8.351056,18,1,MEDIUM,9.5,4,0,22.172,25.134,31.291
Canadian Grand Prix,NOR,83.270028,77.495,10.437711,70,3,HARD,12.457142857142857,14,2,21.607,24.765,30.812
Canadian Grand Prix,OCO,82.937814,77.11,11.892706,70,3,MEDIUM,12.657142857142857,12,2,21.503,24.61,30.824
Canadian Grand Prix,PER,81.366,78.844,4.403145,7,1,HARD,4.0,5,0,22.323,25.286,31.13
Canadian Grand Prix,RIC,83.211485,77.932,10.593049,70,3,HARD,12.657142857142857,9,2,21.812,24.875,31.094
Canadian Grand Prix,RUS,82.772428,76.418,12.43576,70,3,HARD,12.371428571428572,20,2,21.099,24.217,30.909
Canadian Grand Prix,SAI,82.610714,75.749,14.18156,70,3,HARD,12.514285714285714,12,2,21.125,24.122,30.288
Canadian Grand Prix,STR,83.142557,77.421,10.210367,70,2,HARD,20.385714285714286,14,1,21.64,24.711,30.799
Canadian Grand Prix,TSU,81.896638,78.309,7.776324,47,2,HARD,16.72340425531915,7,2,21.912,24.986,31.063
Canadian Grand Prix,VER,82.596528,75.839,14.11109,70,3,HARD,14.542857142857143,18,2,21.061,24.087,30.373
Canadian Grand Prix,VET,83.2286,77.956,10.25297,70,3,HARD,20.728571428571428,7,2,21.857,24.84,31.211
Canadian Grand Prix,ZHO,82.981557,76.578,10.936753,70,3,HARD,12.657142857142857,11,2,21.367,24.556,30.449
Dutch Grand Prix,ALB,81.016152,75.534,10.801324,72,5,MEDIUM,9.805555555555555,17,4,25.826999999999998,26.836,22.761
Dutch Grand Prix,ALO,80.854541,74.144,11.404966,72,4,SOFT,14.347222222222221,12,3,25.519,26.128,22.497
Dutch Grand Prix,BOT,80.008981,76.844,6.193919,53,3,SOFT,9.377358490566039,10,2,26.323,26.9,23.201
Dutch Grand Prix,GAS,80.969194,75.165,9.40316,72,5,SOFT,11.26388888888889,15,4,25.777,26.507,22.7
Dutch Grand Prix,HAM,80.774847,73.854,14.333895,72,4,MEDIUM,12.847222222222221,10,3,25.392,25.851,22.495
Dutch Grand Prix,LAT,81.272871,76.066,9.143259,70,4,SOFT,10.571428571428571,10,3,26.124,26.862,23.065
Dutch Grand Prix,LEC,80.745861,74.413,12.715425,72,5,SOFT,11.944444444444445,8,4,25.619,26.043,22.333
Dutch Grand Prix,MAG,81.106138,75.369,10.371211,72,5,MEDIUM,11.194444444444445,9,4,25.92,26.377,22.779
Dutch Grand Prix,MSC,81.052333,75.233,10.605805,72,5,MEDIUM,10.847222222222221,13,4,25.779,26.441,22.678
Dutch Grand Prix,NOR,80.862208,74.706,11.626959,72,4,HARD,12.055555555555555,13,3,25.71,26.277,22.508
Dutch Grand Prix,OCO,80.887361,75.084,10.694711999999999,72,4,HARD,15.222222222222221,12,3,25.961,26.373,22.646
Dutch Grand Prix,PER,80.846402,74.404,12.323821,72,5,MEDIUM,11.083333333333334,12,4,25.758,25.97,22.556
Dutch Grand Prix,RIC,81.118569,75.577,10.291843,72,6,SOFT,8.347222222222221,14,5,25.881,26.556,22.939
Dutch Grand Prix,RUS,80.650611,73.671,14.398419,72,4,MEDIUM,11.722222222222221,15,3,25.341,25.8,22.517
Dutch Grand Prix,SAI,80.815125,74.643,11.346752,72,4,MEDIUM,11.833333333333334,7,3,25.592,26.276,22.664
Dutch Grand Prix,STR,80.906,75.043,10.646943,72,5,SOFT,10.88888888888889,13,4,25.705,26.522,22.557
Dutch Grand Prix,TSU,78.557809,77.138,3.242919,42,2,MEDIUM,14.142857142857142,6,2,26.518,27.191,23.274
Dutch Grand Prix,VER,79.551605,73.652,12.460103,71,4,SOFT,12.0,9,3,25.329,25.782,22.422
Dutch Grand Prix,VET,81.024722,74.862,9.90988,72,5,SOFT,11.472222222222221,11,4,25.614,26.503,22.743
Dutch Grand Prix,ZHO,81.112402,75.94,10.192216,72,5,SOFT,11.847222222222221,10,4,26.189,26.701,22.93
Emilia Romagna Grand Prix,ALB,88.391049,81.757,12.067789,61,2,MEDIUM,19.442622950819672,28,1,25.828,28.408,27.394
Emilia Romagna Grand Prix,ALO,124.153166,99.685,20.259216,6,1,INTERMEDIATE,3.5,4,1,30.919,32.115,33.44
Emilia Romagna Grand Prix,BOT,88.431222,80.758,14.602823,63,2,MEDIUM,19.142857142857142,23,1,25.705,27.757,26.937
Emilia Romagna Grand Prix,GAS,88.389016,81.713,11.975826,61,2,MEDIUM,19.442622950819672,18,1,25.627,28.217,27.257
Emilia Romagna Grand Prix,HAM,89.4075,81.419,14.399665,62,2,MEDIUM,18.725806451612904,21,1,25.605,28.187,27.373
Emilia Romagna Grand Prix,LAT,88.578163,81.338,12.350825,61,2,MEDIUM,19.0,25,1,25.837,28.086,27.083
Emilia Romagna Grand Prix,LEC,88.635841,78.574,14.864737,63,4,MEDIUM,11.428571428571429,21,3,24.853,27.084,26.252
Emilia Romagna Grand Prix,MAG,88.940412,81.238,14.369978,63,2,MEDIUM,20.571428571428573,23,1,25.879,27.982,27.148
Emilia Romagna Grand Prix,MSC,88.87654,78.999,12.693243,61,3,MEDIUM,14.540983606557377,20,2,25.091,27.331,26.42
Emilia Romagna Grand Prix,NOR,88.29873,80.903,14.166649,63,2,MEDIUM,18.73015873015873,21,1,25.691,27.826,27.216
Emilia Romagna Grand Prix,OCO,89.360338,81.887,14.283435,62,2,MEDIUM,18.725806451612904,22,1,26.113,28.21,27.349
Emilia Romagna Grand Prix,PER,88.008142,78.949,14.59175,63,3,MEDIUM,12.53968253968254,21,2,25.223,27.083,26.546
Emilia Romagna Grand Prix,RIC,89.187016,81.577,12.508051,61,4,HARD,12.573770491803279,23,2,25.939,28.199,27.385
Emilia Romagna Grand Prix,RUS,88.420507,80.962,14.1644,63,2,MEDIUM,19.142857142857142,25,1,25.795,27.875,26.96
Emilia Romagna Grand Prix,STR,89.310935,81.75,14.287785,62,2,MEDIUM,20.14516129032258,23,1,26.073,28.14,27.379
Emilia Romagna Grand Prix,TSU,88.715809,80.544,14.401586,63,2,MEDIUM,19.142857142857142,22,1,25.477,27.742,26.941
Emilia Romagna Grand Prix,VER,87.745809,78.446,14.567462,63,3,MEDIUM,12.634920634920634,20,2,25.088,27.017,26.341
Emilia Romagna Grand Prix,VET,88.871079,81.211,14.167314,63,2,MEDIUM,21.047619047619047,31,1,25.893,27.956,27.236
Emilia Romagna Grand Prix,ZHO,89.538129,81.286,14.672864,62,2,MEDIUM,18.725806451612904,20,1,25.7,28.064,27.237
French Grand Prix,ALB,103.22032,99.199,9.214071,53,2,HARD,15.11320754716981,12,1,24.818,30.059,43.722
French Grand Prix,ALO,101.755096,98.16,8.158768,52,2,HARD,15.384615384615385,7,1,24.804,30.012,43.304
French Grand Prix,BOT,103.373169,97.963,9.302874,53,3,HARD,9.339622641509434,11,2,24.809,29.609,43.192
French Grand Prix,GAS,103.161509,98.786,9.046709,53,2,MEDIUM,15.11320754716981,12,1,24.963,29.954,43.433
French Grand Prix,HAM,100.920769,97.668,9.02919,52,2,HARD,15.384615384615385,7,1,24.469,29.788,43.149
French Grand Prix,LAT,103.610051,99.65,8.87289,39,3,MEDIUM,9.333333333333334,11,1,25.215,30.071,43.737
French Grand Prix,LEC,99.114235,98.088,1.144682,17,1,MEDIUM,9.0,2,0,24.872,29.614,43.184
French Grand Prix,MAG,103.978864,99.265,10.247748,37,3,HARD,7.594594594594595,3,2,25.014,29.923000000000002,43.721
French Grand Prix,MSC,103.443509,99.068,9.249098,53,3,HARD,13.584905660377359,10,2,24.95,30.043,43.565
French Grand Prix,NOR,102.908264,98.985,10.158988,53,2,HARD,15.11320754716981,10,1,25.122,30.057,43.527
French Grand Prix,OCO,103.001339,98.684,9.876771,53,2,HARD,15.11320754716981,10,1,25.045,30.006,43.4
French Grand Prix,PER,101.1265,97.78,9.197834,52,2,HARD,15.384615384615385,6,1,24.715,29.489,43.2
French Grand Prix,RIC,103.065735,99.133,9.560253,53,2,HARD,15.11320754716981,8,1,25.084,29.906,43.421
French Grand Prix,RUS,101.079173,97.548,8.688417,52,2,HARD,16.03846153846154,8,1,24.664,29.678,42.866
French Grand Prix,SAI,102.471396,95.781,10.663868,53,3,MEDIUM,10.132075471698114,10,2,24.221,29.237,42.022
French Grand Prix,STR,103.106811,99.185,9.530302,53,2,HARD,16.452830188679247,12,1,25.17,30.077,43.599
French Grand Prix,TSU,104.395705,100.216,7.505103,17,2,MEDIUM,5.117647058823529,2,1,25.489,30.298,44.333
French Grand Prix,VER,99.867352,97.491,5.829321,51,2,HARD,16.313725490196077,6,1,24.659,29.578,43.057
French Grand Prix,VET,102.033115,99.044,6.565668,52,2,HARD,16.076923076923077,10,0,25.228,29.942,43.526
French Grand Prix,ZHO,104.490744,99.368,9.879421,47,3,HARD,9.808510638297872,7,2,25.164,30.17,43.834
Hungarian Grand Prix,ALB,87.576608,83.047,6.682018,69,4,MEDIUM,11.855072463768115,6,3,29.451,30.172,23.223
Hungarian Grand Prix,ALO,86.726463,83.979,5.264848,69,2,HARD,20.391304347826086,7,1,29.882,30.059,23.593
Hungarian Grand Prix,BOT,86.480707,84.002,4.800315,65,2,HARD,17.4,9,1,29.934,30.177,23.637
Hungarian Grand Prix,GAS,87.068144,83.199,6.164833,69,3,SOFT,12.710144927536232,13,2,29.588,30.048,23.377
Hungarian Grand Prix,HAM,85.482085,81.386,5.748114,70,3,MEDIUM,13.514285714285714,11,2,28.987,29.308,22.707
Hungarian Grand Prix,LAT,87.752304,82.478,6.869077,69,4,MEDIUM,9.36231884057971,12,3,29.414,29.78,23.284
Hungarian Grand Prix,LEC,85.599414,81.622,6.192307,70,4,MEDIUM,10.085714285714285,6,3,29.288,29.275,22.909
Hungarian Grand Prix,MAG,87.564289,83.511,6.851588,69,4,MEDIUM,14.304347826086957,6,3,29.687,30.125,23.325
Hungarian Grand Prix,MSC,87.150927,83.151,6.028816,69,3,MEDIUM,12.27536231884058,7,2,29.782,29.848,23.315
Hungarian Grand Prix,NOR,86.488742,83.043,5.973271,70,3,HARD,13.7,7,2,29.771,29.874,23.288
Hungarian Grand Prix,OCO,86.768115,84.149,5.339636,69,2,HARD,19.666666666666668,7,1,29.96,30.306,23.651
Hungarian Grand Prix,PER,85.594285,81.94,6.022979,70,3,MEDIUM,12.528571428571428,9,2,29.176,29.476,22.843
Hungarian Grand Prix,RIC,87.135492,83.59,6.101453,69,3,MEDIUM,13.36231884057971,9,2,29.847,30.113,23.467
Hungarian Grand Prix,RUS,85.546414,82.766,5.409358,70,3,MEDIUM,13.657142857142857,9,2,29.381,29.695,23.172
Hungarian Grand Prix,SAI,85.578442,82.0,5.733454,70,3,MEDIUM,13.757142857142858,6,2,29.347,29.454,22.999
Hungarian Grand Prix,STR,86.880492,82.437,6.23198,69,3,SOFT,14.246376811594203,11,2,29.388,29.772,23.087
Hungarian Grand Prix,TSU,88.657955,83.538,8.012091,68,4,SOFT,9.941176470588236,10,3,29.804,30.127,23.474
Hungarian Grand Prix,VER,85.370171,82.126,5.645793,70,3,MEDIUM,13.32857142857143,9,2,29.234,29.088,22.914
Hungarian Grand Prix,VET,86.770188,82.824,5.988986,69,3,MEDIUM,13.376811594202898,10,2,29.523,29.802,23.266
Hungarian Grand Prix,ZHO,87.146768,82.029,6.553906,69,3,MEDIUM,12.304347826086957,11,2,29.422,29.401,22.912
Italian Grand Prix,ALO,88.784483,87.203,4.216803,31,1,MEDIUM,16.0,4,1,28.047,29.905,28.76
Italian Grand Prix,BOT,92.844769,85.706,13.050548,52,2,MEDIUM,15.057692307692308,14,1,27.624,29.416,28.486
Italian Grand Prix,DEV,91.21949,86.624,9.456664,53,2,MEDIUM,14.81132075471698,10,1,27.845,29.777,28.78
Italian Grand Prix,GAS,91.205792,86.718,9.48835,53,2,HARD,15.773584905660377,9,1,28.053,29.663,28.734
Italian Grand Prix,HAM,91.186622,84.434,11.19141,53,2,MEDIUM,14.547169811320755,15,1,27.721,28.748,27.842
Italian Grand Prix,LAT,92.890442,86.798,13.152115,52,3,HARD,12.75,7,2,27.795,29.707,28.845
Italian Grand Prix,LEC,91.131264,84.336,13.834507,53,4,SOFT,8.660377358490566,10,3,27.668,28.711,27.881
Italian Grand Prix,MAG,92.926096,86.798,13.134514,52,3,MEDIUM,11.038461538461538,9,2,28.378,29.691,28.599
Italian Grand Prix,MSC,91.246415,85.298,8.941779,53,2,MEDIUM,14.547169811320755,8,1,28.03,28.983,28.104
Italian Grand Prix,NOR,91.202226,84.718,11.226992,53,3,MEDIUM,14.547169811320755,14,2,27.651,28.911,27.973
Italian Grand Prix,OCO,91.24215,86.593,9.16763,53,2,HARD,14.81132075471698,15,1,28.034,29.675,28.556
Italian Grand Prix,PER,91.200037,84.03,10.654405,53,3,HARD,13.660377358490566,12,2,27.89,28.554,27.586
Italian Grand Prix,RIC,88.488533,86.603,4.668335,45,2,HARD,12.022222222222222,7,1,28.139,29.701,28.655
Italian Grand Prix,RUS,89.938673,85.288,10.900846,52,3,SOFT,11.75,7,2,27.851,29.228,28.075
Italian Grand Prix,SAI,91.180603,84.42,13.215089,53,3,MEDIUM,12.056603773584905,11,2,27.563,28.738,27.815
Italian Grand Prix,STR,89.491102,87.467,4.989093,39,2,HARD,11.307692307692308,6,2,28.066,29.873,29.084
Italian Grand Prix,TSU,92.862903,86.857,13.562894,52,3,HARD,12.288461538461538,10,2,28.027,29.826999999999998,28.823
Italian Grand Prix,VER,91.085113,84.745,14.430676,53,3,SOFT,11.622641509433961,9,2,27.789,28.872,27.863
Italian Grand Prix,VET,88.8225,87.501,2.087149,10,1,MEDIUM,6.5,3,0,27.912,30.101,29.364
Italian Grand Prix,ZHO,91.234358,86.361,9.366052,53,2,HARD,15.11320754716981,7,1,27.896,29.68,28.567
Japanese Grand Prix,ALO,111.57175,104.412,8.649595,24,4,INTERMEDIATE,5.916666666666667,8,2,37.413,46.377,20.145
Japanese Grand Prix,BOT,113.641666,107.82,10.541905,24,3,INTERMEDIATE,10.75,3,1,39.123,47.762,20.754
Japanese Grand Prix,GAS,114.168083,105.387,13.447628,24,4,INTERMEDIATE,5.541666666666667,6,3,37.837,46.9,20.32
Japanese Grand Prix,HAM,111.226708,105.53,7.446152,24,3,INTERMEDIATE,12.791666666666666,3,1,37.815,47.23,20.485
Japanese Grand Prix,LAT,112.907083,108.371,11.172982,24,2,INTERMEDIATE,11.541666666666666,2,0,39.336,48.035,20.733
Japanese Grand Prix,LEC,110.268083,104.489,6.004227,24,3,INTERMEDIATE,10.041666666666666,3,1,37.55,46.76,20.02
Japanese Grand Prix,MAG,113.604166,108.072,9.797926,24,3,INTERMEDIATE,10.041666666666666,3,1,39.082,48.114,20.817
Japanese Grand Prix,MSC,113.78825,106.545,8.984439,24,3,INTERMEDIATE,8.041666666666666,4,1,38.13,47.177,20.875
Japanese Grand Prix,NOR,113.002666,108.175,10.147163,24,3,INTERMEDIATE,10.75,1,1,38.65,48.517,20.851
Japanese Grand Prix,OCO,111.059,106.559,6.775476,24,3,INTERMEDIATE,10.041666666666666,4,1,38.142,47.634,20.454
Japanese Grand Prix,PER,110.338208,106.12,6.251406,24,3,INTERMEDIATE,10.041666666666666,4,1,38.035,47.251,20.268
Japanese Grand Prix,RIC,112.861041,107.843,8.77596,24,3,INTERMEDIATE,9.416666666666666,4,1,39.036,47.988,20.746
Japanese Grand Prix,RUS,111.736208,107.004,8.942049,24,3,INTERMEDIATE,11.791666666666666,7,1,38.618,47.585,20.502
Japanese Grand Prix,STR,113.059875,105.205,10.08688,24,4,INTERMEDIATE,5.541666666666667,3,2,37.912,46.63,20.324
Japanese Grand Prix,TSU,113.056625,105.893,9.717427,24,4,INTERMEDIATE,5.708333333333333,3,2,38.143,47.209,20.349
Japanese Grand Prix,VER,109.074291,104.911,5.731765,24,3,INTERMEDIATE,10.041666666666666,3,1,37.744,46.812,20.254
Japanese Grand Prix,VET,112.042833,106.964,11.836736,24,2,INTERMEDIATE,11.541666666666666,3,0,38.333,47.671,20.694
Japanese Grand Prix,ZHO,114.03075,104.411,12.961597,24,4,INTERMEDIATE,5.125,5,2,37.586,46.792,20.033
Mexico City Grand Prix,ALB,85.166171,82.914,3.347971,70,2,MEDIUM,18.12857142857143,12,1,28.895,32.415,21.383
Mexico City Grand Prix,ALO,84.92165,82.866,2.7798410000000002,63,2,MEDIUM,17.396825396825395,15,1,29.348,32.128,21.339
Mexico City Grand Prix,BOT,85.130114,83.363,3.256856,70,2,MEDIUM,18.228571428571428,11,1,28.845,32.383,21.655
Mexico City Grand Prix,GAS,85.139042,82.277,3.847354,70,2,MEDIUM,18.357142857142858,7,1,28.71,32.125,21.206
Mexico City Grand Prix,HAM,83.548098,82.062,2.8393639999999998,71,2,HARD,18.845070422535212,7,1,28.593,31.795,21.124
Mexico City Grand Prix,LAT,86.545681,83.709,4.056331,69,3,SOFT,12.521739130434783,12,2,28.835,32.844,21.49
Mexico City Grand Prix,LEC,84.302859,82.603,3.123999,71,2,MEDIUM,19.830985915492956,7,1,28.66,31.996,21.317
Mexico City Grand Prix,MAG,85.6735,83.3,3.50483,70,2,MEDIUM,19.5,18,1,29.187,32.382,21.654
Mexico City Grand Prix,MSC,85.651614,83.641,3.374101,70,2,MEDIUM,21.442857142857143,8,1,29.07,32.682,21.536
Mexico City Grand Prix,NOR,85.081757,83.402,3.101443,70,2,HARD,18.228571428571428,15,1,28.838,32.378,21.568
Mexico City Grand Prix,OCO,85.020828,83.279,3.016547,70,2,HARD,18.057142857142857,15,1,28.875,32.446,21.52
Mexico City Grand Prix,PER,83.589098,81.775,3.068046,71,2,MEDIUM,21.422535211267604,7,1,28.403,31.68,21.214
Mexico City Grand Prix,RIC,84.846657,82.022,3.011143,70,2,MEDIUM,19.15714285714286,10,1,28.599,31.894,21.229
Mexico City Grand Prix,RUS,84.030422,80.153,4.159445,71,3,HARD,17.380281690140844,10,2,28.186,31.082,20.885
Mexico City Grand Prix,SAI,84.152845,82.199,3.211921,71,2,MEDIUM,20.070422535211268,8,1,28.624,31.996,21.28
Mexico City Grand Prix,STR,85.524028,82.463,4.056775,70,3,SOFT,13.014285714285714,12,2,29.028,32.005,21.106
Mexico City Grand Prix,TSU,85.627,83.403,4.337181,50,2,SOFT,13.32,7,2,28.866,32.684,21.601
Mexico City Grand Prix,VER,83.334211,82.046,2.673056,71,2,MEDIUM,20.859154929577464,11,1,29.026,31.718,21.097
Mexico City Grand Prix,VET,85.374671,83.086,3.25884,70,2,SOFT,18.585714285714285,7,1,29.032,32.266,21.371
Mexico City Grand Prix,ZHO,85.325157,82.26,3.223282,70,2,MEDIUM,19.428571428571427,5,1,28.639,31.904,21.042
Miami Grand Prix,ALB,98.999767,93.447,10.136018,56,2,HARD,17.303571428571427,16,1,31.652,35.567,25.989
Miami Grand Prix,ALO,98.934732,93.331,10.933489,56,2,HARD,18.482142857142858,16,1,31.377,35.118,26.067
Miami Grand Prix,BOT,97.828581,93.184,10.46839,55,2,HARD,14.763636363636364,13,1,31.116,35.592,26.036
Miami Grand Prix,GAS,97.572666,94.487,6.220544,42,3,HARD,10.738095238095237,12,3,31.882,36.039,26.168
Miami Grand Prix,HAM,97.716218,92.941,10.302177,55,2,HARD,15.272727272727273,16,1,30.928,35.734,25.805
Miami Grand Prix,LAT,98.210872,94.169,5.929885,55,2,HARD,15.527272727272727,15,1,31.609,35.908,26.16
Miami Grand Prix,LEC,96.148092,91.488,10.424598,54,2,HARD,14.851851851851851,15,1,30.462,35.329,25.62
Miami Grand Prix,MAG,99.197436,93.511,10.459579,55,3,HARD,11.745454545454546,12,2,31.584,35.773,25.924
Miami Grand Prix,MSC,99.741464,92.528,11.174022,56,3,HARD,16.089285714285715,16,2,31.179,35.451,25.898
Miami Grand Prix,NOR,96.139538,93.411,3.5051449999999997,39,2,HARD,10.307692307692308,13,1,31.638,35.884,25.819
Miami Grand Prix,OCO,98.937517,93.163,10.89393,56,2,HARD,17.75,23,1,31.595,35.458,25.908
Miami Grand Prix,PER,97.51929,91.819,11.339693,55,3,MEDIUM,11.163636363636364,12,2,30.57,35.269,25.729
Miami Grand Prix,RIC,99.06775,93.265,9.978155,56,3,MEDIUM,11.857142857142858,15,2,31.047,35.198,25.98
Miami Grand Prix,RUS,97.769872,92.195,10.453807,55,2,HARD,17.563636363636363,18,1,30.654,35.057,25.957
Miami Grand Prix,SAI,97.434563,91.79,11.99942,55,2,HARD,14.690909090909091,18,1,30.414,35.317,25.841
Miami Grand Prix,STR,99.08,93.312,10.574351,56,2,HARD,19.303571428571427,22,1,31.834,35.658,25.82
Miami Grand Prix,TSU,96.49224,93.035,3.9013,54,3,HARD,12.518518518518519,19,1,31.329,35.607,25.86
Miami Grand Prix,VER,94.916773,91.361,7.434692,53,2,HARD,14.641509433962264,20,1,30.364,35.138,25.757
Miami Grand Prix,VET,99.78715,93.479,11.015768,53,2,HARD,19.90566037735849,17,2,31.583,35.624,25.892
Miami Grand Prix,ZHO,102.172166,95.731,10.249379,6,1,MEDIUM,3.5,3,1,32.737,36.503,26.476
Monaco Grand Prix,ALB,95.880404,78.023,18.888839,47,3,MEDIUM,12.702127659574469,22,2,20.848,36.413,20.629
Monaco Grand Prix,ALO,91.134142,75.882,17.140148,63,2,MEDIUM,16.349206349206348,34,1,20.205,35.52,20.027
Monaco Grand Prix,BOT,91.48973,77.6,17.415416,63,2,HARD,21.746031746031747,36,1,20.593,36.234,20.61
Monaco Grand Prix,GAS,90.651951,77.344,17.295593,62,3,HARD,20.096774193548388,22,1,20.548000000000002,36.339,20.457
Monaco Grand Prix,HAM,91.155746,77.203,17.077675,63,3,MEDIUM,13.904761904761905,25,2,20.232,36.196,20.56
Monaco Grand Prix,LAT,92.030322,78.579,21.033545,62,3,MEDIUM,30.096774193548388,21,3,20.627,36.653,20.745
Monaco Grand Prix,LEC,89.541419,76.249,16.82032,62,3,HARD,18.677419354838708,26,2,20.113,35.789,20.33
Monaco Grand Prix,MAG,105.018526,93.754,19.104667,19,1,WET,10.0,14,0,25.22,42.699,25.529
Monaco Grand Prix,MSC,103.646083,84.778,19.728098,24,2,HARD,9.166666666666666,10,2,22.255,39.608,22.376
Monaco Grand Prix,NOR,90.589507,74.693,17.917442,63,4,HARD,12.238095238095237,25,3,19.686,35.136,19.733
Monaco Grand Prix,OCO,91.180444,77.571,17.06938,63,2,MEDIUM,16.349206349206348,32,1,20.429,36.248,20.712
Monaco Grand Prix,PER,89.494774,76.028,16.911295,62,3,MEDIUM,14.112903225806452,24,2,20.163,35.665,20.067
Monaco Grand Prix,RIC,91.762714,77.532,17.853016,63,2,HARD,22.285714285714285,33,1,20.487,36.401,20.557
Monaco Grand Prix,RUS,90.658206,76.83,18.168944,63,2,MEDIUM,16.349206349206348,27,1,20.42,35.837,20.492
Monaco Grand Prix,SAI,89.517532,76.421,16.686242,62,2,HARD,21.387096774193548,31,1,20.103,35.764,20.316
Monaco Grand Prix,STR,91.491333,77.672,19.681151,63,4,HARD,27.53968253968254,32,3,20.572,36.336,20.693
Monaco Grand Prix,TSU,92.490629,75.334,17.293563,62,4,MEDIUM,10.96774193548387,30,3,20.001,35.197,20.136
Monaco Grand Prix,VER,89.52037,76.052,16.988414,62,3,MEDIUM,14.112903225806452,29,2,20.072,35.724,20.115
Monaco Grand Prix,VET,91.683047,77.558,17.471172,63,3,HARD,18.841269841269842,29,2,20.641,36.128,20.629
Monaco Grand Prix,ZHO,92.12858,78.2,18.189282,62,2,MEDIUM,16.14516129032258,25,1,20.64,36.797,20.748
Saudi Arabian Grand Prix,ALB,102.143717,94.368,12.563765,46,2,HARD,14.782608695652174,16,1,34.89,29.882,29.118
Saudi Arabian Grand Prix,ALO,98.455062,93.831,10.328727,32,2,HARD,9.96875,12,1,34.906,29.803,28.99
Saudi Arabian Grand Prix,BOT,98.269281,93.979,8.259168,32,3,MEDIUM,9.90625,9,3,34.753,29.747,29.105
Saudi Arabian Grand Prix,GAS,100.232854,93.468,12.073952,48,2,HARD,15.479166666666666,13,1,34.551,29.672,29.063
Saudi Arabian Grand Prix,HAM,100.373895,92.997,12.599223,48,2,HARD,18.229166666666668,20,1,34.264,29.528,29.14
Saudi Arabian Grand Prix,HUL,99.768276,93.651,10.51226,47,2,HARD,16.680851063829788,20,1,34.489,29.807,29.355
Saudi Arabian Grand Prix,LAT,98.876142,97.53,2.261119,14,1,MEDIUM,7.5,4,0,36.446,30.932,30.122
Saudi Arabian Grand Prix,LEC,96.81834,91.634,10.523461,47,2,HARD,15.404255319148936,15,1,33.721,29.148,28.505
Saudi Arabian Grand Prix,MAG,100.147687,92.779,13.376452,48,2,HARD,17.75,16,1,34.091,29.507,29.068
Saudi Arabian Grand Prix,NOR,100.100187,92.753,12.386393,48,2,HARD,15.125,19,1,34.204,29.479,29.04
Saudi Arabian Grand Prix,OCO,99.029404,93.103,10.657424,47,2,HARD,15.361702127659575,15,1,34.166,29.708,29.161
Saudi Arabian Grand Prix,PER,97.55534,92.042,11.453011,47,2,HARD,15.74468085106383,15,1,34.031,29.239,28.7
Saudi Arabian Grand Prix,RIC,100.432242,94.487,11.62696,33,2,HARD,11.909090909090908,15,1,34.747,30.072,29.318
Saudi Arabian Grand Prix,RUS,98.022234,92.821,10.574647,47,2,HARD,15.404255319148936,14,1,34.119,29.42,29.211
Saudi Arabian Grand Prix,SAI,97.149255,91.905,10.59472,47,2,HARD,15.404255319148936,19,1,33.759,29.262,28.805
Saudi Arabian Grand Prix,STR,101.483851,94.446,11.008725,47,2,HARD,16.872340425531913,16,1,34.876,30.042,29.339
Saudi Arabian Grand Prix,VER,96.884702,91.772,10.555688,47,2,HARD,15.404255319148936,17,1,33.738,29.113,28.395
Saudi Arabian Grand Prix,ZHO,99.54617,93.924,9.935047,47,3,HARD,15.425531914893616,12,2,34.823,29.799,29.205
Singapore Grand Prix,ALB,129.044782,122.121,9.519416,23,1,INTERMEDIATE,12.652173913043478,9,0,31.881,47.591,42.378
Singapore Grand Prix,ALO,123.477555,120.463,4.522636,18,1,INTERMEDIATE,10.61111111111111,13,0,31.789,46.577,41.813
Singapore Grand Prix,BOT,123.223759,111.864,10.334317,54,2,INTERMEDIATE,15.925925925925926,20,1,29.705,42.77,38.974
Singapore Grand Prix,GAS,121.21623,110.569,8.987464,52,2,INTERMEDIATE,17.634615384615383,29,1,29.724,42.115,38.71
Singapore Grand Prix,HAM,119.844882,110.622,7.611029,51,2,INTERMEDIATE,16.470588235294116,24,1,29.258,42.07,38.541
Singapore Grand Prix,LAT,129.881833,125.585,6.93363,6,1,INTERMEDIATE,3.5,4,0,32.185,49.597,43.572
Singapore Grand Prix,LEC,118.342807,108.753,8.516205,52,2,INTERMEDIATE,16.115384615384617,18,1,29.188,41.313,37.93
Singapore Grand Prix,MAG,122.758685,112.067,9.742571,54,3,INTERMEDIATE,14.25925925925926,16,2,29.902,42.731,38.423
Singapore Grand Prix,MSC,122.96768,110.29,10.051018,50,3,INTERMEDIATE,14.26,22,1,29.617,42.16,37.89
Singapore Grand Prix,NOR,119.797264,109.212,9.366553,53,2,INTERMEDIATE,16.39622641509434,25,1,29.42,41.785,38.007
Singapore Grand Prix,OCO,127.645333,121.105,8.820816,24,1,INTERMEDIATE,13.833333333333334,14,0,31.845,46.894,42.042
Singapore Grand Prix,PER,117.185313,108.165,7.149692,51,2,INTERMEDIATE,16.666666666666668,31,1,29.113,41.311,37.516
Singapore Grand Prix,RIC,121.350679,111.006,9.662118,53,2,INTERMEDIATE,16.132075471698112,29,0,29.644,42.217,38.825
Singapore Grand Prix,RUS,124.810769,106.458,10.878721,52,5,INTERMEDIATE,7.865384615384615,15,3,28.869,40.391,37.198
Singapore Grand Prix,SAI,118.132274,108.414,7.179666,51,2,INTERMEDIATE,16.666666666666668,24,1,29.239,41.42,37.735
Singapore Grand Prix,STR,121.37049,110.283,9.540607,53,2,INTERMEDIATE,16.528301886792452,28,1,29.5,42.204,38.324
Singapore Grand Prix,TSU,126.818733,118.716,9.175485,30,1,INTERMEDIATE,23.1,17,1,31.619,45.744,41.325
Singapore Grand Prix,VER,120.415538,109.142,9.64795,52,3,INTERMEDIATE,14.596153846153847,17,2,29.093,41.64,38.079
Singapore Grand Prix,VET,121.100192,110.669,9.154772,52,2,INTERMEDIATE,16.173076923076923,26,1,29.596,42.337,38.325
Singapore Grand Prix,ZHO,129.933333,125.556,7.140927,6,1,INTERMEDIATE,3.5,4,0,32.133,49.572,43.462
Spanish Grand Prix,ALB,92.043796,88.281,4.790356,64,5,SOFT,7.984375,5,4,24.498,33.434,30.176
Spanish Grand Prix,ALO,89.9588,86.599,4.256412,65,4,SOFT,9.861538461538462,9,3,23.822,32.636,29.274
Spanish Grand Prix,BOT,89.400772,86.395,3.385742,66,3,MEDIUM,13.409090909090908,7,2,23.592,32.814,29.878
Spanish Grand Prix,GAS,90.483415,86.987,4.464798,65,4,SOFT,10.707692307692307,9,3,23.978,32.832,29.824
Spanish Grand Prix,HAM,89.318318,84.253,5.74789,66,4,SOFT,12.878787878787879,8,3,23.123,31.888,28.749
Spanish Grand Prix,LAT,91.327046,87.246,4.317708,64,4,SOFT,9.84375,9,3,24.026,32.912,30.029
Spanish Grand Prix,LEC,89.691037,87.03,5.250089,27,2,SOFT,9.333333333333334,4,2,24.119,32.309,29.309
Spanish Grand Prix,MAG,91.455171,87.537,7.059573,64,3,HARD,16.234375,1,2,24.238,32.851,30.162
Spanish Grand Prix,MSC,90.521815,87.447,3.428077,65,3,MEDIUM,14.723076923076922,2,2,24.241,32.824,29.941
Spanish Grand Prix,NOR,89.753181,85.619,4.188503,66,4,SOFT,10.590909090909092,10,3,23.627,32.189,29.479
Spanish Grand Prix,OCO,89.634424,85.935,3.961035,66,4,SOFT,10.530303030303031,8,3,23.878,32.226,29.268
Spanish Grand Prix,PER,88.690106,84.108,3.970314,66,4,MEDIUM,10.303030303030303,4,3,23.486,31.649,28.973
Spanish Grand Prix,RIC,90.463876,87.285,4.09774,65,4,SOFT,11.169230769230769,8,3,24.101,32.757,30.262
Spanish Grand Prix,RUS,88.990939,84.636,3.689852,66,4,MEDIUM,10.242424242424242,4,3,23.405,31.661,28.853
Spanish Grand Prix,SAI,89.177015,85.985,4.376152,66,4,MEDIUM,10.833333333333334,9,3,23.319,32.24,29.753
Spanish Grand Prix,STR,90.8124,86.876,4.844596,65,4,SOFT,10.4,9,3,24.071,32.802,29.648
Spanish Grand Prix,TSU,90.01723,86.828,4.169136,65,4,SOFT,10.723076923076922,14,3,24.149,32.532,29.661
Spanish Grand Prix,VER,88.492045,85.456,3.850251,66,4,MEDIUM,10.409090909090908,4,3,23.877,32.066,29.017
Spanish Grand Prix,VET,90.263046,87.629,3.514204,65,3,SOFT,13.646153846153846,10,2,24.115,33.139,29.957
Spanish Grand Prix,ZHO,91.984678,88.415,5.369262,28,2,MEDIUM,8.071428571428571,4,2,24.302,33.021,30.161
São Paulo Grand Prix,ALB,83.803661,75.613,13.220881,71,4,MEDIUM,11.183098591549296,9,3,19.263,39.114,17.203
São Paulo Grand Prix,ALO,83.431056,74.164,14.009622,71,4,MEDIUM,9.56338028169014,11,3,18.855,37.941,16.968
São Paulo Grand Prix,BOT,83.614028,75.511,13.599614,71,3,SOFT,12.422535211267606,6,2,19.201,38.698,17.108
São Paulo Grand Prix,GAS,83.674802,75.327,13.346207,71,4,SOFT,10.619718309859154,9,3,19.123,38.94,17.147
São Paulo Grand Prix,HAM,83.317929,73.942,15.321399,71,3,SOFT,14.633802816901408,10,2,18.966,37.792,17.084
São Paulo Grand Prix,LAT,83.818056,75.327,12.919097,71,4,MEDIUM,9.690140845070422,12,3,19.157,38.818,17.21
São Paulo Grand Prix,LEC,83.415281,74.253,14.074592,71,4,SOFT,11.464788732394366,7,3,18.744,38.051,16.966
São Paulo Grand Prix,MSC,83.717507,75.251,13.04254,71,3,SOFT,13.774647887323944,12,2,19.2,38.499,17.273
São Paulo Grand Prix,NOR,82.71164,75.855,12.819364,50,3,SOFT,11.52,5,2,19.225,39.105,17.109
São Paulo Grand Prix,OCO,83.559633,75.093,13.463046,71,3,SOFT,13.352112676056338,8,2,19.136,38.36,17.077
São Paulo Grand Prix,PER,83.494704,74.283,14.977877,71,3,MEDIUM,12.338028169014084,8,2,19.128,38.006,17.057
São Paulo Grand Prix,RUS,83.296394,73.785,15.744594,71,3,SOFT,15.154929577464788,9,2,18.998,37.565,17.01
São Paulo Grand Prix,SAI,83.35345,73.953,15.217241,71,4,SOFT,10.915492957746478,9,3,18.869,37.724,16.941
São Paulo Grand Prix,STR,83.628112,74.831,12.995485,71,3,MEDIUM,13.366197183098592,5,2,19.107,38.155,17.266
São Paulo Grand Prix,TSU,84.947785,75.508,14.978973,70,4,MEDIUM,9.442857142857143,13,3,19.276,38.857,17.203
São Paulo Grand Prix,VER,83.438028,74.195,14.078789,71,4,SOFT,13.23943661971831,6,3,18.915,38.068,16.958
São Paulo Grand Prix,VET,83.665169,75.549,13.462491,71,3,MEDIUM,13.19718309859155,10,2,19.185,38.9,17.328
São Paulo Grand Prix,ZHO,83.709422,75.802,13.056935,71,3,SOFT,13.549295774647888,8,2,19.151,38.77,17.216
United States Grand Prix,ALB,107.645452,102.471,10.362961,106,3,HARD,15.452830188679245,12,4,27.698,40.86,33.629
United States Grand Prix,ALO,106.302134,101.804,9.625475,104,3,HARD,14.807692307692308,24,4,27.419,40.81,33.402
United States Grand Prix,BOT,105.768937,103.391,4.81513,32,2,MEDIUM,4.75,6,2,27.79,41.129,33.464
United States Grand Prix,GAS,106.012666,101.674,8.219921,102,3,HARD,11.352941176470589,20,4,27.228,40.762,33.471
United States Grand Prix,HAM,103.15706,99.83,5.391221,100,3,HARD,10.48,24,4,26.856,40.139,32.559
United States Grand Prix,LAT,108.123811,103.485,9.494495,106,3,HARD,15.754716981132075,16,4,27.625,41.202,33.825
United States Grand Prix,LEC,103.09034,99.731,4.535953,100,3,MEDIUM,10.62,16,4,26.925,39.687,32.446
United States Grand Prix,MAG,107.41815,102.546,10.442421,106,2,MEDIUM,16.9811320754717,22,2,27.587,41.112,33.525
United States Grand Prix,MSC,107.745452,102.32,11.210688,106,3,HARD,10.471698113207546,20,4,27.613,40.952,33.547
United States Grand Prix,NOR,107.362339,101.322,11.462441,106,3,HARD,10.245283018867925,30,4,27.245,40.562,33.067
United States Grand Prix,OCO,107.646018,101.243,11.423378,106,3,HARD,11.377358490566039,22,4,27.156,40.575,32.996
United States Grand Prix,PER,103.41772,99.563,5.616589,100,3,MEDIUM,10.56,18,4,26.933,40.012,32.407
United States Grand Prix,RIC,108.883796,102.42,11.835449,108,3,HARD,10.814814814814815,22,4,27.532,41.145,33.466
United States Grand Prix,RUS,104.32752,98.788,6.863682,100,4,HARD,9.86,22,6,26.903,39.64,32.245
United States Grand Prix,SAI,115.016,115.016,0.0,2,1,MEDIUM,1.0,0,2,,43.367,35.142
United States Grand Prix,STR,108.429157,103.08,11.206192,38,2,MEDIUM,7.842105263157895,4,2,27.859,40.922,33.596
United States Grand Prix,TSU,107.70283,102.206,11.218398,106,3,MEDIUM,10.660377358490566,16,4,27.407,40.685,33.319
United States Grand Prix,VER,102.95738,99.541,6.058111,100,3,MEDIUM,10.42,8,4,26.877,39.756,32.542
United States Grand Prix,VET,104.4283,101.538,6.086355,100,3,MEDIUM,11.86,18,4,27.542,40.393,33.156
United States Grand Prix,ZHO,108.410759,102.394,11.398995,108,3,HARD,12.88888888888889,26,2,27.469,40.964,33.591
